customer_id,segment,country,contract_months,support_plan,tenure_days,monthly_spend_eur
C00000,enterprise,DE,12,standard,1707,41.95
C00001,sme,FR,12,standard,727,184.58
C00002,public_sector,FR,1,basic,672,39.07
C00003,enterprise,UK,12,premium,338,39.56
C00004,startup,BE,12,standard,25,243.57
C00005,reseller,ES,12,standard,1260,250.02
C00006,enterprise,UK,1,premium,2467,103.49
C00007,enterprise,FR,12,basic,561,54.35
C00008,startup,FR,12,basic,1108,65.29
C00009,sme,FR,1,standard,2339,33.67
C00010,sme,IT,1,critical,1934,28.63
C00011,reseller,NL,12,basic,24,32.94
C00012,enterprise,NL,12,basic,1258,47.32
C00013,public_sector,BE,1,basic,370,27.67
C00014,sme,BE,24,premium,628,23.83
C00015,startup,BE,12,basic,627,96.43
C00016,sme,FR,24,standard,1537,109.89
C00017,startup,FR,12,critical,509,339.68
C00018,public_sector,FR,12,basic,640,45.34
C00019,enterprise,UK,12,standard,576,102.93
C00020,enterprise,FR,24,standard,901,117.44
C00021,sme,PL,12,premium,1645,64.49
C00022,reseller,UK,12,basic,1008,150.66
C00023,reseller,UK,12,basic,828,154.67
C00024,enterprise,FR,12,basic,1301,105.7
C00025,startup,FR,1,standard,1543,53.66
C00026,sme,FR,12,standard,53,59.05
C00027,startup,PL,12,basic,2227,25.02
C00028,startup,UK,24,basic,2292,45.38
C00029,enterprise,IT,12,premium,1512,47.16
C00030,enterprise,FR,12,basic,1442,30.78
C00031,reseller,DE,36,basic,1740,145.39
C00032,sme,DE,12,standard,1110,221.29
C00033,sme,IT,1,basic,923,30.82
C00034,sme,IT,1,basic,891,84.85
C00035,startup,FR,1,standard,411,27.69
C00036,startup,NL,1,basic,2105,51.46
C00037,sme,FR,12,standard,811,44.5
C00038,startup,NL,24,standard,721,150.16
C00039,enterprise,FR,12,standard,2411,44.94
C00040,sme,FR,1,basic,1274,157.58
C00041,public_sector,PL,12,premium,1560,64.94
C00042,enterprise,FR,1,basic,624,38.39
C00043,sme,DE,36,standard,704,34.47
C00044,public_sector,DE,1,basic,1824,82.7
C00045,public_sector,FR,12,standard,1135,171.27
C00046,sme,ES,1,basic,382,84.13
C00047,sme,PL,12,basic,2091,536.64
C00048,enterprise,NL,12,standard,1015,269.79
C00049,startup,DE,24,basic,1676,69.32
C00050,startup,UK,1,basic,863,50.89
C00051,startup,FR,24,standard,1408,134.2
C00052,enterprise,FR,12,premium,1942,39.25
C00053,enterprise,FR,24,basic,2214,242.61
C00054,enterprise,NL,24,premium,530,122.42
C00055,enterprise,NL,36,standard,1686,124.39
C00056,sme,IT,1,premium,2287,119.57
C00057,sme,UK,1,standard,1612,288.42
C00058,startup,UK,1,standard,370,77.12
C00059,startup,UK,1,standard,486,60.58
C00060,enterprise,UK,12,standard,518,288.51
C00061,sme,DE,36,premium,279,227.67
C00062,sme,FR,36,basic,1888,76.14
C00063,enterprise,FR,12,basic,2413,80.38
C00064,enterprise,BE,12,basic,1299,94.48
C00065,sme,UK,24,premium,1503,122.44
C00066,sme,BE,36,basic,1937,31.57
C00067,sme,FR,1,standard,1047,17.97
C00068,startup,UK,12,premium,1189,37.64
C00069,sme,FR,24,critical,1478,39.65
C00070,startup,FR,1,basic,772,38.58
C00071,sme,FR,12,standard,168,137.25
C00072,public_sector,FR,36,premium,1425,86.65
C00073,startup,NL,36,basic,2057,118.2
C00074,startup,DE,24,standard,196,31.8
C00075,sme,UK,24,basic,553,60.81
C00076,sme,DE,1,standard,668,109.86
C00077,enterprise,DE,1,standard,2014,110.58
C00078,sme,UK,12,basic,1268,43.23
C00079,enterprise,FR,12,basic,1342,91.81
C00080,enterprise,BE,12,basic,1618,518.71
C00081,sme,PL,12,basic,702,78.84
C00082,public_sector,IT,12,standard,1788,44.39
C00083,startup,DE,12,basic,90,69.04
C00084,startup,FR,1,basic,297,72.12
C00085,startup,NL,1,standard,2042,58.65
C00086,enterprise,DE,1,standard,1650,64.93
C00087,sme,FR,1,standard,453,19.55
C00088,startup,DE,24,premium,1105,39.72
C00089,sme,IT,12,basic,143,70.48
C00090,startup,ES,1,premium,1684,57.95
C00091,enterprise,IT,24,basic,1893,55.64
C00092,sme,IT,12,standard,706,68.85
C00093,sme,FR,1,critical,884,70.24
C00094,sme,NL,1,premium,603,142.02
C00095,enterprise,DE,1,standard,982,61.29
C00096,sme,ES,12,standard,691,112.34
C00097,startup,FR,1,basic,628,42.08
C00098,startup,BE,1,standard,1084,108.45
C00099,reseller,FR,1,standard,2150,91.78
C00100,reseller,FR,12,critical,1910,167.05
C00101,enterprise,DE,1,standard,753,122.3
C00102,startup,FR,24,basic,2357,148.49
C00103,reseller,FR,1,standard,537,61.33
C00104,enterprise,ES,12,basic,2278,98.55
C00105,enterprise,DE,12,basic,783,197.61
C00106,sme,NL,12,basic,1357,45.97
C00107,startup,FR,1,standard,519,39.09
C00108,startup,IT,24,basic,1908,105.04
C00109,reseller,DE,24,basic,804,128.14
C00110,sme,ES,1,basic,2183,33.1
C00111,startup,UK,1,premium,221,62.58
C00112,sme,DE,24,standard,1262,83.11
C00113,sme,BE,12,basic,408,12.17
C00114,startup,DE,1,basic,2224,55.33
C00115,public_sector,FR,1,standard,1051,58.34
C00116,enterprise,ES,12,basic,1691,69.83
C00117,enterprise,PL,12,standard,2200,266.63
C00118,sme,FR,12,basic,1346,28.47
C00119,enterprise,DE,36,premium,157,49.63
C00120,sme,NL,12,basic,563,8.69
C00121,enterprise,IT,1,standard,543,44.31
C00122,startup,BE,12,basic,2286,57.17
C00123,sme,UK,12,critical,2272,51.88
C00124,startup,ES,1,critical,1200,170.98
C00125,sme,FR,1,standard,2226,138.59
C00126,sme,NL,12,standard,626,85.5
C00127,startup,DE,12,basic,1703,58.4
C00128,startup,IT,1,premium,988,159.53
C00129,sme,DE,12,standard,612,78.69
C00130,startup,UK,12,basic,636,39.92
C00131,reseller,ES,12,standard,1058,18.61
C00132,sme,UK,24,standard,859,61.87
C00133,sme,NL,24,premium,539,170.98
C00134,sme,DE,12,standard,845,554.12
C00135,startup,ES,1,standard,334,70.27
C00136,reseller,DE,12,standard,2424,41.75
C00137,sme,DE,12,basic,959,29.23
C00138,enterprise,DE,1,basic,281,106.61
C00139,startup,FR,1,basic,1445,14.88
C00140,sme,FR,1,standard,2209,106.46
C00141,sme,ES,12,basic,909,160.35
C00142,reseller,ES,12,basic,2115,115.95
C00143,sme,ES,1,basic,1532,55.33
C00144,sme,FR,24,basic,1852,145.52
C00145,startup,DE,24,standard,751,104.11
C00146,sme,FR,1,basic,106,34.42
C00147,sme,IT,24,basic,874,433.96
C00148,sme,PL,1,standard,2312,49.46
C00149,startup,FR,24,basic,1979,174.08
C00150,public_sector,ES,36,basic,1963,12.8
C00151,reseller,FR,1,basic,2197,197.35
C00152,startup,FR,24,premium,942,313.74
C00153,sme,FR,36,basic,815,102.6
C00154,startup,FR,24,standard,2314,144.76
C00155,enterprise,ES,36,premium,1435,160.81
C00156,sme,NL,12,standard,755,46.34
C00157,enterprise,FR,1,basic,706,106.17
C00158,enterprise,UK,24,standard,2195,45.28
C00159,enterprise,ES,12,standard,147,47.7
C00160,startup,BE,12,basic,168,208.56
C00161,reseller,UK,12,standard,1848,183.24
C00162,startup,FR,12,basic,18,43.9
C00163,startup,ES,1,basic,439,35.75
C00164,sme,DE,12,basic,2476,46.23
C00165,sme,BE,1,basic,1072,124.31
C00166,public_sector,DE,12,basic,1823,34.2
C00167,public_sector,ES,24,standard,1225,121.91
C00168,sme,FR,12,premium,240,150.98
C00169,reseller,DE,12,basic,473,74.24
C00170,sme,NL,1,standard,1906,157.36
C00171,sme,UK,36,standard,249,77.23
C00172,startup,DE,12,basic,1492,66.72
C00173,reseller,NL,12,basic,879,34.87
C00174,startup,PL,1,basic,935,158.32
C00175,startup,DE,1,basic,2381,34.76
C00176,sme,UK,12,basic,1520,107.73
C00177,reseller,UK,36,basic,1543,94.15
C00178,reseller,ES,12,standard,885,32.7
C00179,enterprise,DE,1,basic,962,39.74
C00180,reseller,FR,24,basic,1719,291.65
C00181,reseller,NL,12,basic,111,94.99
C00182,sme,NL,24,standard,604,38.18
C00183,sme,PL,1,basic,1506,86.45
C00184,enterprise,BE,12,standard,1564,70.68
C00185,enterprise,IT,24,basic,244,1696.03
C00186,sme,IT,1,basic,1972,84.97
C00187,startup,IT,12,premium,1363,57.9
C00188,enterprise,UK,36,basic,605,334.45
C00189,startup,DE,1,basic,1883,13.94
C00190,reseller,FR,1,basic,2477,72.25
C00191,startup,ES,12,critical,1067,435.98
C00192,startup,FR,1,standard,719,60.41
C00193,public_sector,FR,1,standard,759,15.28
C00194,startup,UK,12,critical,1487,57.16
C00195,startup,DE,24,basic,132,309.96
C00196,sme,FR,1,critical,1216,91.8
C00197,public_sector,PL,1,basic,76,32.69
C00198,startup,PL,24,standard,110,50.28
C00199,sme,FR,12,basic,1083,49.73
C00200,enterprise,FR,24,basic,1867,122.38
C00201,reseller,DE,12,premium,2210,249.58
C00202,sme,IT,36,basic,232,244.7
C00203,startup,PL,12,critical,621,117.91
C00204,startup,FR,1,basic,1062,21.5
C00205,startup,IT,24,standard,1441,29.12
C00206,startup,FR,12,critical,2467,125.91
C00207,enterprise,DE,1,basic,1715,21.25
C00208,startup,BE,1,premium,1352,55.05
C00209,sme,FR,12,standard,166,103.63
C00210,enterprise,FR,1,standard,215,25.36
C00211,sme,DE,1,basic,395,27.92
C00212,startup,UK,1,standard,1657,61.56
C00213,public_sector,NL,12,standard,838,122.78
C00214,enterprise,BE,12,standard,613,197.28
C00215,enterprise,FR,12,basic,1680,134.06
C00216,startup,FR,1,basic,2041,70.99
C00217,startup,IT,1,premium,1106,35.37
C00218,reseller,FR,12,basic,2206,32.2
C00219,sme,NL,12,standard,1839,51.84
C00220,sme,ES,12,critical,1794,113.38
C00221,sme,FR,1,basic,2170,88.78
C00222,enterprise,PL,1,basic,471,11.19
C00223,reseller,FR,1,standard,1899,34.2
C00224,sme,DE,12,basic,2394,222.77
C00225,reseller,UK,12,standard,2480,85.6
C00226,startup,UK,24,standard,1451,26.99
C00227,sme,ES,12,standard,1889,592.75
C00228,enterprise,ES,12,basic,2223,78.08
C00229,startup,BE,12,standard,2132,110.94
C00230,startup,BE,1,standard,2246,93.65
C00231,sme,UK,12,basic,2083,58.55
C00232,reseller,FR,1,standard,962,35.93
C00233,sme,IT,12,premium,1829,485.77
C00234,reseller,BE,1,standard,1034,156.45
C00235,public_sector,FR,24,standard,2007,181.05
C00236,sme,DE,36,basic,2028,163.25
C00237,enterprise,DE,1,basic,2337,28.42
C00238,startup,FR,12,basic,1476,237.04
C00239,startup,ES,24,basic,1195,43.97
C00240,public_sector,DE,1,critical,426,84.84
C00241,enterprise,IT,24,basic,1601,22.35
C00242,startup,PL,12,premium,1422,14.12
C00243,sme,PL,24,basic,1294,118.0
C00244,sme,DE,36,basic,1695,50.29
C00245,public_sector,DE,1,basic,2129,12.3
C00246,sme,IT,12,basic,384,126.7
C00247,sme,PL,12,standard,1086,485.12
C00248,sme,UK,1,critical,1809,217.27
C00249,sme,NL,1,premium,2052,53.59
C00250,enterprise,FR,36,basic,1949,100.78
C00251,public_sector,NL,1,standard,2001,141.82
C00252,sme,FR,12,basic,2139,207.71
C00253,startup,FR,24,premium,2405,67.23
C00254,startup,UK,1,standard,1526,68.65
C00255,enterprise,FR,12,basic,633,103.32
C00256,public_sector,FR,36,basic,1415,160.17
C00257,startup,FR,12,basic,1778,71.46
C00258,startup,DE,1,basic,265,60.22
C00259,sme,IT,1,premium,1895,215.48
C00260,startup,FR,36,standard,1367,279.66
C00261,public_sector,ES,1,critical,2341,100.06
C00262,sme,PL,12,basic,541,345.01
C00263,startup,FR,1,standard,2268,48.02
C00264,reseller,FR,12,basic,1128,317.94
C00265,startup,PL,36,standard,1440,158.63
C00266,sme,PL,12,basic,1655,1290.38
C00267,startup,UK,36,basic,1454,36.3
C00268,startup,PL,1,standard,2261,37.12
C00269,startup,FR,12,basic,430,114.24
C00270,startup,DE,24,standard,1828,126.19
C00271,startup,IT,12,standard,2437,419.87
C00272,startup,FR,1,basic,561,37.78
C00273,sme,IT,24,premium,648,194.28
C00274,enterprise,UK,12,standard,1195,214.95
C00275,sme,IT,12,premium,1815,145.66
C00276,sme,DE,36,standard,2398,44.2
C00277,sme,DE,1,standard,1992,220.65
C00278,public_sector,FR,1,standard,1988,189.6
C00279,public_sector,FR,1,premium,1111,111.01
C00280,startup,IT,12,standard,1618,95.2
C00281,startup,FR,1,basic,539,80.82
C00282,startup,FR,12,basic,1165,74.84
C00283,startup,FR,1,standard,484,114.97
C00284,sme,FR,12,basic,82,82.17
C00285,sme,PL,1,basic,2143,32.42
C00286,startup,DE,12,basic,2014,32.82
C00287,sme,BE,1,standard,1284,35.19
C00288,sme,FR,12,basic,51,96.65
C00289,startup,ES,12,standard,238,78.21
C00290,public_sector,DE,12,standard,292,96.1
C00291,startup,DE,24,premium,1796,137.8
C00292,reseller,NL,12,basic,520,46.95
C00293,startup,BE,1,standard,636,231.79
C00294,public_sector,NL,24,standard,2154,71.7
C00295,reseller,FR,1,standard,2192,46.14
C00296,reseller,FR,1,standard,1911,100.49
C00297,public_sector,ES,12,basic,784,16.8
C00298,enterprise,FR,1,critical,1456,34.06
C00299,enterprise,IT,1,basic,512,153.53
C00300,enterprise,UK,12,premium,2146,18.27
C00301,startup,UK,1,standard,225,172.42
C00302,sme,PL,24,basic,1864,325.24
C00303,sme,ES,36,standard,1286,73.07
C00304,public_sector,FR,12,basic,1897,102.55
C00305,sme,FR,12,standard,1135,207.17
C00306,sme,UK,12,standard,407,53.81
C00307,enterprise,UK,36,basic,1882,209.15
C00308,startup,FR,1,basic,1583,37.69
C00309,startup,DE,1,standard,1169,44.44
C00310,sme,IT,12,basic,941,40.56
C00311,sme,PL,12,premium,869,107.08
C00312,startup,UK,1,standard,1210,178.44
C00313,sme,DE,12,standard,665,68.43
C00314,sme,FR,1,basic,716,22.63
C00315,sme,UK,24,standard,706,35.87
C00316,sme,FR,1,premium,46,93.26
C00317,enterprise,UK,1,basic,2320,319.74
C00318,sme,ES,1,basic,602,93.19
C00319,reseller,FR,1,basic,425,48.0
C00320,reseller,FR,1,basic,390,127.9
C00321,sme,FR,1,standard,2470,54.4
C00322,sme,NL,1,standard,1199,48.35
C00323,sme,ES,1,standard,827,29.53
C00324,public_sector,FR,12,basic,1018,264.94
C00325,enterprise,NL,12,basic,234,9.24
C00326,public_sector,DE,1,basic,794,131.39
C00327,sme,DE,1,premium,632,44.96
C00328,enterprise,NL,1,standard,2010,47.05
C00329,sme,FR,1,basic,160,281.03
C00330,enterprise,FR,1,standard,1072,36.34
C00331,startup,UK,24,basic,1978,50.5
C00332,enterprise,FR,36,basic,2086,89.54
C00333,public_sector,ES,24,basic,1288,127.98
C00334,startup,FR,12,critical,567,54.97
C00335,sme,FR,12,standard,852,21.0
C00336,startup,FR,1,standard,567,31.95
C00337,enterprise,DE,24,basic,1660,267.53
C00338,startup,FR,24,basic,742,95.93
C00339,reseller,FR,24,standard,1582,132.1
C00340,startup,PL,24,basic,1644,72.09
C00341,reseller,DE,12,premium,2350,45.68
C00342,public_sector,DE,24,standard,935,374.67
C00343,sme,FR,24,basic,2403,76.72
C00344,enterprise,DE,1,standard,1010,45.75
C00345,enterprise,FR,24,critical,1706,228.57
C00346,reseller,UK,1,standard,1659,36.09
C00347,startup,FR,36,standard,2047,60.34
C00348,sme,NL,24,premium,1180,90.81
C00349,startup,NL,1,basic,1984,66.7
C00350,sme,FR,12,premium,898,99.78
C00351,startup,FR,1,basic,1235,394.62
C00352,sme,FR,24,standard,1256,119.81
C00353,sme,UK,24,standard,1765,11.93
C00354,sme,FR,12,standard,1551,105.6
C00355,sme,PL,24,standard,209,92.97
C00356,enterprise,IT,1,standard,2025,69.2
C00357,enterprise,PL,1,basic,1898,82.19
C00358,sme,UK,12,basic,274,78.1
C00359,sme,BE,1,basic,2405,63.77
C00360,reseller,FR,12,standard,1656,134.75
C00361,startup,DE,1,basic,226,42.07
C00362,startup,DE,12,basic,1236,35.76
C00363,startup,NL,12,premium,2092,1045.8
C00364,enterprise,UK,24,basic,710,48.99
C00365,sme,PL,1,basic,2333,72.61
C00366,enterprise,FR,24,basic,1054,25.25
C00367,enterprise,BE,12,basic,577,88.35
C00368,sme,UK,1,standard,900,30.17
C00369,reseller,UK,12,basic,1319,54.94
C00370,enterprise,BE,12,basic,1725,194.54
C00371,startup,DE,1,critical,2320,99.6
C00372,sme,DE,12,premium,499,129.73
C00373,sme,UK,1,standard,2401,14.8
C00374,startup,FR,12,premium,1326,381.34
C00375,startup,DE,12,premium,332,29.06
C00376,reseller,FR,12,basic,2317,293.42
C00377,sme,FR,24,standard,882,214.52
C00378,sme,PL,1,standard,1557,108.93
C00379,enterprise,UK,36,basic,1749,48.36
C00380,sme,DE,24,basic,48,102.41
C00381,reseller,DE,36,basic,565,67.03
C00382,enterprise,DE,24,standard,1720,92.28
C00383,sme,ES,1,standard,822,53.93
C00384,sme,NL,12,standard,38,14.15
C00385,reseller,NL,1,basic,72,173.04
C00386,enterprise,DE,24,basic,2068,84.03
C00387,reseller,DE,12,standard,396,53.0
C00388,startup,DE,1,standard,264,41.42
C00389,public_sector,UK,24,premium,1412,122.09
C00390,enterprise,DE,1,premium,310,31.2
C00391,startup,ES,12,premium,1637,11.77
C00392,sme,UK,12,premium,1367,113.11
C00393,enterprise,DE,1,critical,1627,103.67
C00394,startup,DE,12,standard,1236,67.53
C00395,sme,DE,24,basic,1949,33.93
C00396,public_sector,FR,1,basic,1617,71.92
C00397,sme,FR,12,basic,1046,23.05
C00398,sme,IT,1,basic,53,27.85
C00399,sme,DE,12,basic,694,42.28
C00400,sme,FR,1,critical,341,136.64
C00401,reseller,UK,36,basic,53,73.5
C00402,enterprise,IT,24,critical,693,61.52
C00403,startup,FR,1,standard,528,351.25
C00404,reseller,PL,1,standard,205,89.98
C00405,public_sector,NL,12,standard,791,106.75
C00406,sme,UK,12,basic,1273,58.44
C00407,public_sector,ES,12,standard,457,48.2
C00408,startup,FR,1,basic,693,10.4
C00409,reseller,NL,1,premium,65,151.93
C00410,enterprise,DE,36,basic,140,146.43
C00411,enterprise,NL,12,basic,406,68.72
C00412,startup,UK,24,standard,1140,80.11
C00413,reseller,FR,12,standard,1670,149.61
C00414,startup,FR,24,standard,1974,24.01
C00415,startup,ES,1,standard,1579,40.39
C00416,startup,UK,1,basic,1547,25.38
C00417,enterprise,FR,24,standard,2340,405.81
C00418,startup,IT,36,basic,650,210.56
C00419,reseller,PL,1,basic,1998,10.25
C00420,enterprise,UK,12,basic,2343,22.1
C00421,startup,DE,12,basic,1425,71.51
C00422,startup,FR,12,basic,2103,53.56
C00423,startup,IT,1,standard,356,21.63
C00424,sme,DE,24,basic,2198,470.2
C00425,public_sector,NL,1,basic,1416,86.98
C00426,startup,DE,12,standard,565,119.81
C00427,public_sector,UK,1,basic,168,37.03
C00428,startup,FR,1,standard,1804,123.22
C00429,public_sector,FR,12,premium,1085,57.91
C00430,reseller,IT,1,basic,785,52.41
C00431,enterprise,UK,12,premium,984,134.51
C00432,enterprise,UK,1,basic,2477,16.7
C00433,public_sector,BE,36,basic,1078,388.75
C00434,startup,BE,12,standard,210,93.44
C00435,startup,PL,24,standard,710,267.44
C00436,startup,FR,1,premium,376,26.73
C00437,sme,UK,1,basic,1719,30.43
C00438,enterprise,NL,12,standard,2003,29.81
C00439,enterprise,DE,12,basic,2104,99.0
C00440,public_sector,FR,1,basic,1587,70.53
C00441,startup,PL,1,basic,1924,44.94
C00442,enterprise,UK,12,critical,1051,33.8
C00443,startup,UK,1,basic,1574,22.72
C00444,startup,BE,12,premium,280,76.79
C00445,enterprise,UK,1,standard,1352,44.89
C00446,reseller,DE,1,standard,1400,37.23
C00447,sme,DE,12,standard,92,298.08
C00448,startup,DE,12,premium,1377,74.62
C00449,sme,FR,1,basic,1811,196.28
C00450,startup,IT,12,basic,928,50.86
C00451,reseller,PL,24,standard,1369,110.85
C00452,enterprise,FR,12,basic,725,76.34
C00453,startup,FR,12,basic,687,18.9
C00454,startup,NL,36,basic,336,336.82
C00455,startup,FR,12,basic,829,71.34
C00456,reseller,UK,24,basic,2010,169.79
C00457,sme,DE,24,basic,2339,47.51
C00458,enterprise,ES,1,premium,1594,57.97
C00459,enterprise,FR,12,basic,1566,38.3
C00460,sme,ES,12,critical,1540,228.82
C00461,startup,DE,36,critical,1197,130.34
C00462,reseller,UK,12,basic,1066,109.32
C00463,sme,FR,1,standard,1557,211.55
C00464,sme,DE,12,standard,1964,213.84
C00465,enterprise,UK,1,standard,1043,127.81
C00466,enterprise,FR,24,basic,1421,26.89
C00467,reseller,FR,12,basic,1183,44.3
C00468,startup,FR,12,basic,724,34.09
C00469,sme,DE,24,standard,736,167.09
C00470,sme,FR,12,critical,210,92.52
C00471,sme,NL,12,standard,1108,24.54
C00472,startup,DE,24,standard,1785,76.68
C00473,startup,PL,24,critical,1718,25.28
C00474,startup,BE,24,standard,2464,86.05
C00475,sme,FR,1,basic,114,16.33
C00476,sme,ES,12,premium,1905,125.44
C00477,sme,NL,1,basic,1990,91.95
C00478,enterprise,ES,24,basic,1099,455.71
C00479,sme,DE,12,standard,718,164.52
C00480,sme,DE,12,premium,902,55.86
C00481,startup,FR,1,basic,1711,133.67
C00482,sme,UK,1,standard,2157,20.33
C00483,sme,BE,12,basic,1612,35.31
C00484,startup,BE,1,basic,1292,88.51
C00485,sme,FR,1,basic,1636,10.65
C00486,sme,ES,24,standard,190,87.23
C00487,startup,FR,24,premium,1526,37.82
C00488,sme,NL,1,basic,119,72.68
C00489,sme,FR,1,basic,2398,26.68
C00490,enterprise,NL,36,basic,2224,143.46
C00491,enterprise,PL,12,basic,1278,81.35
C00492,enterprise,FR,12,standard,944,263.13
C00493,sme,FR,1,standard,1834,67.07
C00494,enterprise,PL,1,standard,1599,34.7
C00495,sme,FR,1,basic,1768,54.06
C00496,sme,UK,12,standard,1296,25.53
C00497,enterprise,NL,1,basic,602,94.18
C00498,sme,UK,1,basic,197,110.1
C00499,sme,DE,12,premium,719,652.71
C00500,enterprise,DE,36,standard,1329,58.96
C00501,reseller,FR,24,premium,1068,71.7
C00502,reseller,BE,12,premium,1273,49.05
C00503,sme,FR,12,standard,705,95.83
C00504,sme,FR,12,premium,2345,110.69
C00505,enterprise,FR,1,basic,926,63.73
C00506,sme,BE,12,basic,2117,201.48
C00507,public_sector,FR,12,basic,986,47.37
C00508,sme,PL,12,basic,1117,185.04
C00509,startup,ES,24,basic,1515,142.28
C00510,startup,PL,36,basic,668,99.01
C00511,public_sector,BE,1,standard,561,51.02
C00512,startup,PL,12,standard,957,629.54
C00513,sme,NL,1,standard,2013,33.3
C00514,sme,FR,12,basic,374,103.09
C00515,startup,IT,1,standard,1102,35.24
C00516,sme,UK,1,basic,1685,304.23
C00517,enterprise,UK,24,basic,1770,191.31
C00518,startup,NL,12,basic,1094,44.96
C00519,public_sector,BE,24,basic,217,139.19
C00520,public_sector,ES,1,basic,54,83.02
C00521,sme,UK,1,premium,1182,42.99
C00522,startup,DE,12,standard,2027,152.44
C00523,sme,DE,1,standard,85,92.84
C00524,startup,DE,1,basic,2220,80.11
C00525,sme,DE,36,premium,1694,96.53
C00526,reseller,FR,1,standard,35,96.2
C00527,reseller,FR,1,basic,869,81.04
C00528,enterprise,IT,12,standard,562,84.15
C00529,sme,DE,12,standard,2373,46.41
C00530,enterprise,NL,12,basic,1393,337.65
C00531,enterprise,UK,12,basic,820,32.77
C00532,sme,FR,24,standard,705,129.49
C00533,enterprise,FR,1,basic,1416,50.79
C00534,startup,FR,12,basic,27,357.07
C00535,startup,BE,12,basic,654,37.13
C00536,sme,FR,24,critical,426,48.19
C00537,startup,UK,12,basic,1555,35.09
C00538,startup,NL,12,basic,1678,105.35
C00539,public_sector,BE,1,basic,1175,20.76
C00540,reseller,FR,1,premium,362,44.4
C00541,sme,FR,1,standard,936,10.7
C00542,public_sector,FR,12,premium,2109,98.17
C00543,reseller,FR,1,basic,521,43.59
C00544,startup,FR,12,basic,420,22.59
C00545,sme,UK,1,standard,292,167.8
C00546,sme,NL,24,basic,2044,29.62
C00547,startup,UK,24,premium,312,177.24
C00548,enterprise,ES,1,premium,1460,36.75
C00549,sme,FR,1,standard,2497,260.17
C00550,sme,PL,1,critical,1609,126.11
C00551,startup,UK,24,standard,1039,38.22
C00552,startup,PL,1,basic,528,30.58
C00553,reseller,NL,12,standard,19,133.89
C00554,startup,DE,12,basic,401,64.03
C00555,startup,FR,24,premium,2383,77.96
C00556,sme,FR,12,basic,371,235.97
C00557,sme,DE,12,basic,64,42.35
C00558,sme,NL,36,standard,2042,108.1
C00559,sme,DE,1,basic,1055,150.12
C00560,startup,IT,24,basic,902,179.08
C00561,startup,UK,1,standard,1797,58.23
C00562,public_sector,FR,12,basic,1314,62.6
C00563,enterprise,DE,24,standard,2287,20.53
C00564,enterprise,ES,12,basic,1176,32.61
C00565,enterprise,ES,12,basic,1786,104.89
C00566,enterprise,DE,1,basic,2198,59.31
C00567,startup,FR,12,standard,1167,85.29
C00568,sme,IT,12,critical,721,193.58
C00569,sme,FR,12,basic,2436,29.17
C00570,sme,NL,12,critical,578,65.47
C00571,public_sector,FR,1,standard,112,78.29
C00572,sme,FR,1,standard,1451,36.65
C00573,enterprise,UK,1,standard,2467,225.15
C00574,public_sector,UK,12,standard,229,173.23
C00575,sme,UK,1,premium,2125,85.34
C00576,reseller,DE,24,standard,2078,413.73
C00577,sme,BE,12,standard,2323,22.38
C00578,public_sector,UK,1,basic,1062,66.25
C00579,sme,DE,12,basic,648,109.26
C00580,sme,DE,24,standard,1287,41.38
C00581,sme,FR,1,basic,369,86.11
C00582,startup,UK,1,basic,2109,26.03
C00583,sme,FR,1,basic,1663,119.94
C00584,reseller,ES,1,basic,1216,163.88
C00585,enterprise,FR,24,standard,1296,113.48
C00586,startup,BE,36,standard,1784,20.71
C00587,sme,DE,1,basic,1315,29.32
C00588,startup,NL,12,basic,2101,129.32
C00589,startup,DE,1,basic,2312,67.9
C00590,reseller,FR,12,basic,2375,8.1
C00591,sme,PL,24,standard,1555,258.92
C00592,sme,ES,12,standard,1860,89.88
C00593,sme,IT,1,standard,787,33.24
C00594,startup,DE,12,standard,109,186.43
C00595,startup,ES,36,critical,1009,56.24
C00596,enterprise,PL,1,standard,2181,37.14
C00597,enterprise,ES,1,standard,346,90.43
C00598,reseller,DE,1,standard,1371,303.05
C00599,enterprise,ES,12,basic,492,318.1
C00600,sme,ES,12,premium,1081,108.64
C00601,enterprise,BE,24,basic,371,133.37
C00602,reseller,DE,24,basic,1840,176.42
C00603,enterprise,DE,24,critical,2028,30.93
C00604,reseller,PL,24,standard,1899,155.65
C00605,enterprise,UK,1,basic,1766,35.73
C00606,public_sector,IT,12,basic,599,104.9
C00607,startup,DE,1,basic,1332,54.96
C00608,enterprise,FR,1,standard,275,102.11
C00609,sme,IT,36,basic,945,110.59
C00610,sme,FR,12,premium,1271,5.87
C00611,enterprise,FR,36,premium,1676,116.46
C00612,reseller,ES,12,standard,255,138.12
C00613,reseller,IT,12,standard,2035,116.9
C00614,sme,NL,12,basic,1155,73.34
C00615,enterprise,FR,1,basic,2204,269.3
C00616,enterprise,FR,1,standard,1325,86.89
C00617,sme,BE,12,basic,1374,116.09
C00618,startup,FR,1,basic,1736,162.04
C00619,startup,FR,36,basic,2052,136.14
C00620,enterprise,FR,1,basic,406,31.08
C00621,sme,UK,1,basic,1285,8.39
C00622,reseller,NL,24,standard,89,60.01
C00623,sme,IT,1,premium,1194,127.33
C00624,reseller,ES,24,standard,2036,66.68
C00625,sme,FR,12,premium,2165,158.12
C00626,enterprise,DE,1,basic,719,75.67
C00627,startup,DE,12,premium,975,239.17
C00628,sme,FR,12,standard,1385,62.26
C00629,public_sector,FR,24,basic,998,133.96
C00630,reseller,FR,24,premium,457,138.39
C00631,public_sector,FR,12,basic,772,286.77
C00632,startup,UK,12,basic,1019,18.76
C00633,sme,ES,1,basic,1303,45.17
C00634,startup,FR,12,basic,2303,164.61
C00635,startup,UK,36,basic,1368,372.22
C00636,enterprise,IT,12,standard,976,98.14
C00637,enterprise,IT,12,premium,1656,62.4
C00638,enterprise,PL,12,basic,1936,152.3
C00639,public_sector,DE,24,standard,1084,188.39
C00640,enterprise,PL,36,basic,1230,73.68
C00641,public_sector,FR,1,premium,556,88.3
C00642,startup,DE,1,basic,2163,181.9
C00643,startup,FR,12,basic,2169,399.1
C00644,enterprise,DE,12,standard,449,150.44
C00645,public_sector,DE,12,standard,874,83.08
C00646,startup,FR,1,standard,690,63.69
C00647,sme,IT,12,standard,2308,128.52
C00648,enterprise,FR,12,standard,177,72.53
C00649,startup,FR,12,basic,530,94.02
C00650,sme,FR,12,basic,797,32.56
C00651,reseller,DE,12,basic,1406,241.01
C00652,enterprise,FR,12,basic,633,30.36
C00653,startup,DE,24,basic,1348,62.35
C00654,public_sector,FR,12,standard,1871,86.95
C00655,sme,IT,12,basic,2074,434.7
C00656,public_sector,NL,12,standard,261,55.87
C00657,sme,UK,1,standard,360,37.86
C00658,sme,ES,1,standard,251,41.75
C00659,sme,PL,12,standard,2276,327.79
C00660,startup,BE,24,basic,1635,8.25
C00661,reseller,UK,12,basic,1335,34.12
C00662,startup,NL,1,standard,1980,679.66
C00663,startup,NL,12,standard,1471,132.23
C00664,sme,IT,1,basic,600,26.05
C00665,enterprise,DE,12,basic,1282,77.22
C00666,public_sector,FR,24,standard,1762,95.34
C00667,reseller,FR,12,standard,104,164.27
C00668,sme,DE,12,basic,1521,382.18
C00669,sme,UK,1,basic,1250,92.78
C00670,startup,DE,12,premium,187,50.58
C00671,sme,UK,24,basic,669,175.76
C00672,reseller,UK,12,premium,1129,44.2
C00673,enterprise,PL,12,basic,866,33.25
C00674,sme,FR,12,standard,735,17.93
C00675,sme,FR,1,basic,1628,17.63
C00676,reseller,IT,1,basic,1019,31.13
C00677,sme,PL,1,premium,1251,24.51
C00678,startup,BE,12,standard,1998,104.44
C00679,sme,NL,36,critical,246,36.09
C00680,startup,NL,12,basic,909,5.53
C00681,startup,FR,1,premium,196,27.46
C00682,startup,DE,1,premium,2319,44.65
C00683,sme,FR,1,standard,476,39.86
C00684,enterprise,UK,24,basic,2052,327.57
C00685,sme,NL,12,standard,489,47.5
C00686,sme,DE,24,standard,820,190.35
C00687,reseller,UK,24,premium,1526,88.59
C00688,enterprise,FR,1,basic,2080,64.33
C00689,sme,FR,12,basic,456,39.34
C00690,sme,FR,36,basic,544,95.15
C00691,reseller,FR,12,standard,2206,41.76
C00692,startup,NL,1,critical,815,77.06
C00693,sme,DE,24,basic,536,73.65
C00694,reseller,PL,24,standard,1862,40.33
C00695,sme,ES,12,premium,241,185.94
C00696,enterprise,FR,12,basic,2169,115.02
C00697,sme,FR,1,basic,2191,45.57
C00698,enterprise,PL,24,standard,2143,101.88
C00699,sme,FR,12,standard,748,74.52
C00700,startup,NL,1,basic,298,31.9
C00701,sme,FR,12,premium,1072,84.97
C00702,startup,ES,36,standard,846,59.0
C00703,public_sector,PL,24,premium,2398,40.32
C00704,sme,FR,1,premium,1584,16.79
C00705,sme,FR,1,premium,2361,49.17
C00706,enterprise,BE,36,standard,1880,161.97
C00707,enterprise,FR,36,basic,1791,55.42
C00708,sme,DE,12,standard,292,681.93
C00709,sme,DE,12,basic,186,169.89
C00710,reseller,FR,12,standard,130,242.5
C00711,enterprise,IT,12,basic,1489,157.32
C00712,public_sector,IT,1,standard,516,322.12
C00713,reseller,DE,1,basic,2472,34.16
C00714,enterprise,PL,1,basic,344,7.56
C00715,startup,FR,24,basic,2368,61.61
C00716,sme,FR,1,standard,1674,107.18
C00717,startup,UK,1,standard,278,75.85
C00718,enterprise,BE,12,basic,160,101.14
C00719,reseller,FR,1,premium,998,204.95
C00720,sme,FR,1,premium,857,92.27
C00721,sme,UK,12,basic,799,157.81
C00722,startup,PL,12,standard,1328,36.01
C00723,reseller,FR,12,basic,337,31.54
C00724,startup,DE,24,basic,336,354.99
C00725,startup,IT,1,standard,1741,72.66
C00726,startup,DE,24,basic,2475,53.0
C00727,startup,FR,24,premium,695,53.09
C00728,sme,FR,24,premium,2330,51.85
C00729,sme,DE,12,premium,871,43.8
C00730,sme,DE,12,standard,849,26.89
C00731,startup,PL,12,standard,239,22.35
C00732,startup,ES,12,critical,1066,67.8
C00733,sme,ES,1,basic,1252,40.29
C00734,startup,BE,36,basic,1664,256.35
C00735,enterprise,DE,12,standard,408,102.66
C00736,startup,DE,24,basic,483,112.8
C00737,sme,NL,12,basic,1088,42.55
C00738,sme,FR,1,basic,188,60.17
C00739,sme,IT,12,standard,371,108.76
C00740,startup,IT,12,basic,1578,147.1
C00741,startup,FR,12,basic,2385,73.89
C00742,public_sector,DE,1,basic,1438,166.88
C00743,startup,FR,1,basic,375,67.14
C00744,sme,FR,12,premium,2477,157.0
C00745,sme,DE,12,basic,1311,52.77
C00746,sme,FR,36,standard,1796,21.43
C00747,sme,IT,1,standard,504,83.77
C00748,enterprise,NL,1,basic,1452,123.54
C00749,public_sector,PL,1,premium,204,108.75
C00750,startup,FR,12,standard,1569,114.57
C00751,sme,FR,12,standard,517,59.5
C00752,startup,FR,12,basic,2275,40.31
C00753,sme,FR,36,basic,151,159.88
C00754,enterprise,NL,1,critical,1636,95.82
C00755,startup,DE,12,standard,361,49.68
C00756,sme,FR,1,premium,1722,171.23
C00757,reseller,PL,1,premium,1241,31.49
C00758,startup,DE,12,basic,2419,48.73
C00759,sme,FR,1,standard,1634,267.99
C00760,enterprise,FR,12,standard,939,167.44
C00761,startup,ES,12,standard,232,59.03
C00762,startup,IT,12,basic,1495,102.17
C00763,startup,FR,12,basic,1110,91.28
C00764,reseller,NL,12,standard,145,7.76
C00765,startup,PL,12,standard,1459,37.03
C00766,startup,PL,1,standard,536,63.87
C00767,startup,FR,1,basic,597,49.25
C00768,startup,FR,12,basic,37,98.73
C00769,enterprise,PL,36,critical,939,261.26
C00770,startup,FR,1,basic,557,50.74
C00771,sme,UK,12,basic,193,32.57
C00772,sme,IT,24,standard,1094,118.66
C00773,public_sector,FR,24,basic,562,68.2
C00774,startup,IT,12,standard,348,70.08
C00775,public_sector,NL,12,basic,1174,62.45
C00776,sme,IT,12,premium,172,538.01
C00777,startup,DE,24,premium,2476,13.4
C00778,enterprise,NL,1,premium,1185,47.94
C00779,public_sector,UK,24,standard,2490,89.74
C00780,startup,IT,1,basic,2205,34.33
C00781,reseller,PL,24,standard,2449,193.44
C00782,sme,IT,1,premium,1363,133.12
C00783,sme,FR,1,standard,1066,64.03
C00784,reseller,FR,1,standard,1803,52.98
C00785,sme,FR,12,standard,215,72.76
C00786,public_sector,UK,1,standard,2102,61.0
C00787,sme,UK,1,standard,819,62.39
C00788,enterprise,UK,12,basic,33,68.21
C00789,sme,DE,12,standard,605,99.18
C00790,startup,IT,24,standard,617,170.77
C00791,sme,NL,24,basic,50,31.64
C00792,sme,FR,12,premium,1676,32.76
C00793,startup,IT,1,standard,251,15.09
C00794,startup,ES,1,basic,2119,139.27
C00795,sme,UK,24,premium,1141,111.37
C00796,startup,FR,1,standard,1799,102.46
C00797,startup,IT,12,standard,859,23.74
C00798,enterprise,BE,36,basic,343,456.08
C00799,enterprise,IT,36,premium,463,59.62
C00800,enterprise,NL,12,basic,1620,92.32
C00801,sme,BE,12,standard,1794,165.43
C00802,reseller,DE,12,basic,679,34.58
C00803,sme,ES,24,standard,902,56.58
C00804,startup,DE,1,standard,2363,77.66
C00805,startup,BE,1,standard,2131,756.61
C00806,enterprise,FR,12,standard,1041,103.37
C00807,startup,DE,1,premium,613,261.23
C00808,sme,NL,12,standard,763,222.99
C00809,reseller,FR,12,basic,1352,109.41
C00810,startup,IT,24,critical,1423,38.83
C00811,startup,DE,24,standard,472,221.6
C00812,reseller,BE,12,critical,178,22.4
C00813,sme,NL,24,critical,1245,351.02
C00814,startup,FR,1,premium,1996,79.04
C00815,reseller,IT,12,standard,393,8.41
C00816,reseller,DE,1,standard,1029,49.93
C00817,sme,UK,24,basic,416,156.96
C00818,enterprise,ES,24,standard,616,73.6
C00819,startup,PL,24,standard,1536,165.32
C00820,startup,FR,24,standard,726,43.71
C00821,sme,FR,36,premium,670,32.96
C00822,sme,ES,1,basic,2489,62.76
C00823,enterprise,UK,36,basic,443,102.75
C00824,public_sector,UK,12,standard,485,59.51
C00825,startup,FR,12,basic,2325,227.13
C00826,sme,DE,12,basic,1382,38.85
C00827,startup,PL,1,basic,121,87.02
C00828,public_sector,FR,1,premium,1071,70.65
C00829,startup,DE,1,standard,1419,17.76
C00830,sme,NL,1,basic,644,21.73
C00831,sme,FR,12,basic,1377,80.84
C00832,sme,IT,24,standard,1626,484.99
C00833,enterprise,FR,12,basic,637,130.93
C00834,enterprise,PL,12,standard,2033,18.46
C00835,sme,IT,12,standard,1140,5.69
C00836,enterprise,NL,12,basic,2409,149.22
C00837,reseller,FR,1,standard,233,61.45
C00838,sme,UK,24,basic,820,237.5
C00839,sme,IT,1,basic,1807,31.54
C00840,startup,FR,12,premium,2238,107.77
C00841,enterprise,FR,24,standard,565,184.81
C00842,sme,FR,12,premium,2450,54.71
C00843,sme,BE,24,basic,495,62.67
C00844,startup,ES,1,basic,1049,68.13
C00845,reseller,ES,24,standard,797,142.79
C00846,sme,IT,12,standard,1069,79.05
C00847,enterprise,UK,24,critical,2257,206.03
C00848,startup,DE,12,basic,1835,54.04
C00849,reseller,DE,24,premium,1994,29.11
C00850,startup,ES,36,premium,646,536.94
C00851,startup,FR,12,standard,2368,47.86
C00852,public_sector,NL,24,basic,1097,55.53
C00853,reseller,PL,12,standard,1635,75.67
C00854,startup,DE,12,basic,1748,84.73
C00855,sme,UK,24,standard,1662,64.81
C00856,enterprise,FR,12,standard,1510,78.85
C00857,public_sector,BE,12,premium,1207,77.36
C00858,sme,NL,1,standard,1624,77.37
C00859,sme,NL,1,standard,2264,8.99
C00860,enterprise,DE,24,standard,983,445.35
C00861,enterprise,FR,12,standard,1284,70.61
C00862,enterprise,FR,12,premium,462,131.09
C00863,sme,FR,1,basic,897,20.67
C00864,startup,FR,12,critical,1933,53.62
C00865,reseller,FR,24,premium,1606,50.84
C00866,public_sector,BE,24,premium,539,313.99
C00867,enterprise,FR,1,standard,1372,40.53
C00868,startup,FR,12,premium,2032,152.43
C00869,startup,PL,12,basic,323,46.04
C00870,enterprise,UK,12,standard,168,54.47
C00871,startup,IT,12,basic,990,64.95
C00872,reseller,ES,12,basic,1646,238.31
C00873,sme,NL,12,basic,793,16.05
C00874,enterprise,ES,12,basic,2055,26.15
C00875,reseller,UK,12,basic,2119,15.29
C00876,sme,ES,12,premium,1338,31.75
C00877,sme,DE,24,basic,956,45.16
C00878,sme,DE,12,standard,118,20.29
C00879,sme,DE,1,basic,2056,35.73
C00880,sme,FR,24,standard,2239,16.24
C00881,sme,IT,24,standard,1114,37.89
C00882,reseller,FR,1,basic,1298,185.0
C00883,sme,FR,12,standard,1887,112.77
C00884,startup,FR,1,premium,1742,78.21
C00885,sme,PL,12,premium,351,34.12
C00886,sme,DE,1,basic,1685,18.07
C00887,startup,ES,12,standard,2312,30.39
C00888,startup,PL,1,standard,1880,64.28
C00889,enterprise,FR,12,basic,1209,167.38
C00890,sme,IT,36,premium,1315,215.4
C00891,reseller,FR,12,basic,660,136.78
C00892,startup,FR,24,premium,1656,48.1
C00893,startup,ES,36,basic,615,102.14
C00894,enterprise,NL,24,basic,864,68.51
C00895,reseller,FR,1,critical,673,56.2
C00896,startup,UK,24,premium,848,508.6
C00897,startup,FR,1,premium,926,14.91
C00898,startup,UK,12,critical,221,65.55
C00899,sme,ES,24,basic,1798,252.17
